<?xml version="1.0" encoding="UTF-8" standalone="no"?>
<extension version="3.4" type="template" client="site" method="upgrade">
    <name>jl_zmagazine_free</name>
    <version>1.0.5</version>
    <creationDate>May 31, 2017</creationDate>
    <author>JoomLead</author>
    <authorEmail>support@joomlead.com</authorEmail>
    <authorUrl>https://joomlead.com</authorUrl>
    <copyright>(C) 2015 - 2018 JoomLead, LLC. All rights reserved.</copyright>
    <license>http://www.gnu.org/licenses/gpl-2.0.html GNU/GPLv2</license>
    <description>TPL_JL_ZMAGAZINE_FREE_DESC</description>

    <scriptfile>install.php</scriptfile>

    <files>
        <folder>admin</folder>
        <folder>blueprints</folder>
        <folder>config</folder>
        <folder>custom</folder>
        <folder>fields</folder>
        <folder>fonts</folder>
        <folder>gantry</folder>
        <folder>html</folder>
        <folder>images</folder>
        <folder>includes</folder>
        <folder>install</folder>
        <folder>language</folder>
        <folder>layouts</folder>
        <folder>particles</folder>
        <folder>scss</folder>
        <file>component.php</file>
        <file>error.php</file>
        <file>index.php</file>
        <file>offline.php</file>
        <file>template_preview.png</file>
        <file>template_thumbnail.png</file>
    </files>

    <positions>
        <position>footer</position>
        <position>header</position>
    </positions>

    <config>
        <fields name="params" addfieldpath="/templates/jl_zmagazine_free/fields">
            <fieldset name="advanced">
                <field name="warning" type="warning"/>
            </fieldset>
        </fields>
    </config>

</extension>
