<?xml version="1.0" encoding="UTF-8" standalone="no"?>
<extension version="3.4" type="package" method="upgrade">
    <name>pkg_rokcommon</name>
    <packagename>rokcommon</packagename>
    <author>RocketTheme, LLC</author>
    <creationDate>April  1, 2020</creationDate>
    <copyright>(C) 2005 - 2020 RocketTheme, LLC. All rights reserved.</copyright>
    <license>http://www.gnu.org/copyleft/gpl.html GNU/GPL</license>
    <authorEmail>support@rockettheme.com</authorEmail>
    <authorUrl>http://www.rockettheme.com</authorUrl>
    <version>3.2.9</version>
    <description>RocketTheme shared library</description>
    <scriptfile>install.php</scriptfile>

    <blockChildUninstall>true</blockChildUninstall>
    <files folder="packages">
        <!-- Mandatory system plugin -->
        <file type="plugin"    group="system"     id="rokcommon"              enabled="1">plg_system_rokcommon-3.2.9.zip</file>
        <file type="library"                      id="rokcommon"              enabled="1">lib_rokcommon-3.2.9.zip</file>
    </files>

    <languages folder="language">
        <language tag="en-GB">en-GB/en-GB.pkg_rokcommon.sys.ini</language>
    </languages>

    <updateservers>
        <server type="collection" priority="1" name="RocketTheme Update Directory">http://updates.rockettheme.com/joomla/updates.xml</server>
    </updateservers>
</extension>
